education,max,min,median,mean,sum,std,quantile,var,count,nunique
primary,66653,-1489,472.0,1523.0313333333334,2284547,3283.8887253466014,472.0,10783925.160458528,1500,1020
secondary,81204,-1965,494.0,1296.4802775748722,7099526,2901.5550208731797,494.0,8419021.539154358,5476,2429
tertiary,52587,-6847,658.0,1845.8690702087285,6809411,3598.7633801053385,658.0,12951097.8659872,3689,1947
unknown,45248,-1137,694.0,1746.605633802817,868063,3299.0074982021497,694.0,10883450.473194007,497,368
