education,min,median,mean,var,count,nunique
primary,-1489,472.0,1523.0313333333334,10783925.160458528,1500,1020
secondary,-1965,494.0,1296.4802775748722,8419021.539154358,5476,2429
tertiary,-6847,658.0,1845.8690702087285,12951097.8659872,3689,1947
unknown,-1137,694.0,1746.605633802817,10883450.473194007,497,368
