expgroup,max,min,median,nunique
0,1.4090424,-1.1018978,0.0025970407,118
1,1.5389206,-1.2596043,-0.044172138,131
